{
    "rsi_window": 15,
    "ema_fast": 15,
    "ema_slow": 50,
    "atr_window": 16,
    "stoch_k": 20,
    "stoch_d": 5,
    "bb_window": 40,
    "momentum_window": 16,
    "macd_fast": 11,
    "macd_slow": 36,
    "macd_signal": 11,
    "max_depth": 4,
    "learning_rate": 0.21142661903769003,
    "n_estimators": 422,
    "subsample": 0.9426186243120621,
    "colsample_bytree": 0.9991724442257641
}